AREA FUNGSI KUNCI,KODE OKUPASI,OKUPASI,LEVEL
TATA KELOLA TEKNOLOGI INFORMASI (IT GOVERNANCE),TIK.ITG0301,STAF AUDIT TI (IT AUDIT STAFF),3
TATA KELOLA TEKNOLOGI INFORMASI (IT GOVERNANCE),TIK.ITG0401,ASISTEN PENJAMIN KUALITAS (QA ASSISTANT),4
"TATA KELOLA TEKNOLOGI INFORMASI (IT GOVERNANCE)
",TIK.ITG0402,ASISTEN SISTEM INFORMASI (INFORMATION SYSTEM ASSISTANT),4
TATA KELOLA TEKNOLOGI INFORMASI (IT GOVERNANCE),TIK.ITG0501,PERENCANA KAPASITAS MUDA (ASSOCIATE CAPACITY PLANNER),5
TATA KELOLA TEKNOLOGI INFORMASI (IT GOVERNANCE),TIK.ITG0502,ARSITEK PERUSAHAAN MUDA (ASSOCIATE ENTERPRENEUR ARCHITECT),5
TATA KELOLA TEKNOLOGI INFORMASI (IT GOVERNANCE),TIK.ITG0503,Konsultan TI Muda (Associate IT Consultantanta0,5
TATA KELOLA TEKNOLOGI INFORMASI (IT GOVERNANCE),TIK.ITG0504,ASISTEN AUDIT IT (IT AUDIT ASSISTANT),5
TATA KELOLA TEKNOLOGI INFORMASI (IT GOVERNANCE),TIK.ITG0505,Penguji Penjaminan Kualitas Perangkat Lunak Muda (Associate Software QA Tester),5
TATA KELOLA TEKNOLOGI INFORMASI (IT GOVERNANCE),TIK.ITG0601,Ahli Metode Scrum (Scrum Master),6
TATA KELOLA TEKNOLOGI INFORMASI (IT GOVERNANCE),TIK.ITG0602,PEMILIK PRODUK (PRODUCT OWNER),6
TATA KELOLA TEKNOLOGI INFORMASI (IT GOVERNANCE),TIK.ITG0603,ARSITEK PERUSAHAAN (ENTERPRISE ARCHITECT),6
TATA KELOLA TEKNOLOGI INFORMASI (IT GOVERNANCE),TIK.ITG0604,ARSITEK TEKNOLOGI (TECHNOLOGY ARCHITECT),6
TATA KELOLA TEKNOLOGI INFORMASI (IT GOVERNANCE),TIK.ITG0605,KONSULTAN IT (IT CONSULTANT),6
TATA KELOLA TEKNOLOGI INFORMASI (IT GOVERNANCE),TIK.ITG0606,Auditor TI (IT Auditor),6
TATA KELOLA TEKNOLOGI INFORMASI (IT GOVERNANCE),TIK.ITG0607,SUPERVISOR AUDIT IT (IT AUDIT SUPERVISOR),6
TATA KELOLA TEKNOLOGI INFORMASI (IT GOVERNANCE),TIK.ITG0709,MANAJER PENJAMINAN KUALITAS (QUALITY ASSURANCE MANAGER),7
TATA KELOLA TEKNOLOGI INFORMASI (IT GOVERNANCE),TIK.ITG0708,PENJAMIN KUALITAS TI (IT QUALITY ASSURANCE),7
TATA KELOLA TEKNOLOGI INFORMASI (IT GOVERNANCE),TIK.ITG0707,MANAJER AUDIT TI (IT AUDIT MANAGER),7
TATA KELOLA TEKNOLOGI INFORMASI (IT GOVERNANCE),TIK.ITG0706,MANAJER KONSULTAN TI (IT CONSULTANT MANAGER),7
TATA KELOLA TEKNOLOGI INFORMASI (IT GOVERNANCE),TIK.ITG0705,PERENCANA TRANSFORMASI DIGITAL 4.0 (DIGITAL TRANSFORMATION PLANNER 4.0),7
TATA KELOLA TEKNOLOGI INFORMASI (IT GOVERNANCE),TIK.ITG0704,MANAJER ARSITEKTUR PERUSAHAAN (ENTERPRISE ARCHITECTURE MANAGER),7
TATA KELOLA TEKNOLOGI INFORMASI (IT GOVERNANCE),TIK.ITG0703,MANAJER PROYEK TIK (ICT PROJECT MANAGER),7
TATA KELOLA TEKNOLOGI INFORMASI (IT GOVERNANCE),TIK.ITG0702,MANAJER PEMULIHAN BENCANA DAN KELANGSUNGAN BISNIS (DISASTER RECOVERY AND BUSINESS CONTUINITY MANAGER),7
TATA KELOLA TEKNOLOGI INFORMASI (IT GOVERNANCE),TIK.ITG0701,MANAJER PEMULIHAN BENCANA (DISASTER RECOVERY MANAGER),7
TATA KELOLA TEKNOLOGI INFORMASI (IT GOVERNANCE),TIK.ITG0807,KEPALA MANAJEMEN SISTEM (LEAD SYSTEMS MANAGEMENT),8
TATA KELOLA TEKNOLOGI INFORMASI (IT GOVERNANCE),TIK.ITG0806,LEAD IT CONSULTANT (KEPALA KONSULTAN TI),8
TATA KELOLA TEKNOLOGI INFORMASI (IT GOVERNANCE),TIK.ITG0805,Specialist IT Advisor (Spesialis Penasihat TI),8
TATA KELOLA TEKNOLOGI INFORMASI (IT GOVERNANCE),TIK.ITG0804,Lead IT Project Portofolio (Kepala Portofolio Proyek TI),8
TATA KELOLA TEKNOLOGI INFORMASI (IT GOVERNANCE),TIK.ITG0803,Lead Program Management (Kepala Manajemen Program),8
TATA KELOLA TEKNOLOGI INFORMASI (IT GOVERNANCE),TIK.ITG0802,Lead IT Advisor (Kepala Penasihat TI),8
TATA KELOLA TEKNOLOGI INFORMASI (IT GOVERNANCE),TIK.ITG0801,Lead Enterprise Architecture (Kepala Arsitektur Perusahaan),8
TATA KELOLA TEKNOLOGI INFORMASI (IT GOVERNANCE),TIK.ITG0902,PEMIMPIN KEPATUHAN (CHIEF COMPLIANCE OFFICER),9
TATA KELOLA TEKNOLOGI INFORMASI (IT GOVERNANCE),TIK.ITG0902,CHIEF INFORMATION OFFICER (PEMIMPIN INFORMASI),9
PENGEMBANGAN PRODUK DIGITAL (DIGITAL PRODUCT DEVELOPMENT),TIK.DEV0202,STAF PUSTAKAWAN MULTIMEDIA (MULTIMEDIA LIBRARIAN STAFF),2
PENGEMBANGAN PRODUK DIGITAL (DIGITAL PRODUCT DEVELOPMENT),TIK.DEV0201,STAF PEMROGRAM (PROGRAMMER STAFF),2
PENGEMBANGAN PRODUK DIGITAL (DIGITAL PRODUCT DEVELOPMENT),TIK.DEV0305,MANAJEMEN INFORMASI JUNIOR (JUNIOR INFORMATION MANAGEMENT),3
PENGEMBANGAN PRODUK DIGITAL (DIGITAL PRODUCT DEVELOPMENT),TIK.DEV0304,JUNIOR TECHNICAL SUPPORT,3
PENGEMBANGAN PRODUK DIGITAL (DIGITAL PRODUCT DEVELOPMENT),TIK.DEV0303,JUNIOR BACK-END PROGRAMMER,3
PENGEMBANGAN PRODUK DIGITAL (DIGITAL PRODUCT DEVELOPMENT),TIK.DEV0302,PEMROGRAM FRONT-END JUNIOR (JUNIOR FRONT-END PROGRAMMER),3
PENGEMBANGAN PRODUK DIGITAL (DIGITAL PRODUCT DEVELOPMENT),TIK.DEV0301,MOBILE COMPUTING JUNIOR (JUNIOR MOBILE COMPUTING),3
PENGEMBANGAN PRODUK DIGITAL (DIGITAL PRODUCT DEVELOPMENT),TIK.DEV0409,ASISTEN TIM ERP (ERP TEAM ASSISTANT),4
PENGEMBANGAN PRODUK DIGITAL (DIGITAL PRODUCT DEVELOPMENT),TIK.DEV0408,ASISTEN PELAKSANA ERP (ASSISTANT ERP IMPLEMENTOR),4
PENGEMBANGAN PRODUK DIGITAL (DIGITAL PRODUCT DEVELOPMENT),TIK.DEV0407,ASISTEN PENDUKUNG TEKNIK (TECHNICAL SUPPORT ASSISTANT),4
PENGEMBANGAN PRODUK DIGITAL (DIGITAL PRODUCT DEVELOPMENT),TIK.DEV0406,ASISTEN PEMROGRAM BACK-END (ASSISTANT BACK-END PROGRAMMER),4
PENGEMBANGAN PRODUK DIGITAL (DIGITAL PRODUCT DEVELOPMENT),TIK.DEV0405,ASISTEN PEMROGRAM FRONT-END (ASSISTANT FRONT-END PROGRAMMER),4
PENGEMBANGAN PRODUK DIGITAL (DIGITAL PRODUCT DEVELOPMENT),TIK.DEV0404,ASISTEN MANAJEMEN INFORMASI (INFORMATION MANAGEMENT ASSISTANT),4
PENGEMBANGAN PRODUK DIGITAL (DIGITAL PRODUCT DEVELOPMENT),TIK.DEV0403,ASISTEN MOBILE COMPUTING (MOBILE COMPUTING ASSISTANT),4
PENGEMBANGAN PRODUK DIGITAL (DIGITAL PRODUCT DEVELOPMENT),TIK.DEV0402,ASISTEN PENGUJI PERANGKAT LUNAK (ASSISTANT SOFTWARE TESTER),4
PENGEMBANGAN PRODUK DIGITAL (DIGITAL PRODUCT DEVELOPMENT),TIK.DEV0401,ASISTEN PENGEMBANG WEB (ASSISTANT WEB DEVELOPER),4
PENGEMBANGAN PRODUK DIGITAL (DIGITAL PRODUCT DEVELOPMENT),TIK.DEV0516,ARSITEK ERP MUDA (ASSOCIATE ERP ARCHITECT),5
PENGEMBANGAN PRODUK DIGITAL (DIGITAL PRODUCT DEVELOPMENT),TIK.DEV0515,ANALIS DATA MASTER ERP MUDA (ASSOCIATE ERP MASTER DATA ANALYST),5
PENGEMBANGAN PRODUK DIGITAL (DIGITAL PRODUCT DEVELOPMENT),TIK.DEV0514,ANALIS PENGAMBILAN KEPUTUSAN ERP MUDA (ASSOCIATE ERP DECISION SUPPORT ANALYST),5
PENGEMBANGAN PRODUK DIGITAL (DIGITAL PRODUCT DEVELOPMENT),TIK.DEV0513,PENERAPAN & OPERASIONAL ERP MUDA (ASSOCIATE ERP DEPLOYMENT & OPERATION),5
PENGEMBANGAN PRODUK DIGITAL (DIGITAL PRODUCT DEVELOPMENT),TIK.DEV0512,ANALIS ERP MUDA (ASSOCIATE ERP ANALYST),5
PENGEMBANGAN PRODUK DIGITAL (DIGITAL PRODUCT DEVELOPMENT),TIK.DEV0511,ANALIS TEKNIS MUDA (ASSOCIATE TECHNICAL ANALYST),5
PENGEMBANGAN PRODUK DIGITAL (DIGITAL PRODUCT DEVELOPMENT),TIK.DEV0510,INSINYUR INTERAKTIF MUDA (ASSOCIATE INTERACTIVE ENGINEER),5
PENGEMBANGAN PRODUK DIGITAL (DIGITAL PRODUCT DEVELOPMENT),TIK.DEV0509,PENGELOLA SISTEM INFORMASI MANAJEMEN MUDA (ASSOCIATE MIS),5
PENGEMBANGAN PRODUK DIGITAL (DIGITAL PRODUCT DEVELOPMENT),TIK.DEV0508,PENGELOLA ASET IT MUDA (ASSOCIATE IT ASSET),5
PENGEMBANGAN PRODUK DIGITAL (DIGITAL PRODUCT DEVELOPMENT),TIK.DEV0507,MOBILE COMPUTING MUDA (ASSOCIATE MOBILE COMPUTING),5
"PENGEMBANGAN PRODUK DIGITAL (DIGITAL PRODUCT DEVELOPMENT)
",TIK.DEV0506,PENGUJI KUALITAS PERANGKAT LUNAK MUDA (ASSOCIATE SOFTWARE QUALITY TESTER),5
PENGEMBANGAN PRODUK DIGITAL (DIGITAL PRODUCT DEVELOPMENT),TIK.DEV0505,PEMROGRAM MOBILE MUDA (ASSOCIATE MOBILE PROGRAMMER),5
PENGEMBANGAN PRODUK DIGITAL (DIGITAL PRODUCT DEVELOPMENT),TIK.DEV0504,PEMROGRAM APLIKASI MUDA (ASSOCIATE APPLICATION PROGRAMMER),5
PENGEMBANGAN PRODUK DIGITAL (DIGITAL PRODUCT DEVELOPMENT),TIK.DEV0503,PEMROGRAM SISTEM MUDA (ASSOCIATE SYSTEMS PROGRAMMER),5
PENGEMBANGAN PRODUK DIGITAL (DIGITAL PRODUCT DEVELOPMENT),TIK.DEV0502,PEMROGRAM MUDA (ASSOCIATE PROGRAMMER),5
PENGEMBANGAN PRODUK DIGITAL (DIGITAL PRODUCT DEVELOPMENT),TIK.DEV0501,PEMROGRAM DATABASE MUDA (ASSOCIATE DATABASE PROGRAMMER),5
PENGEMBANGAN PRODUK DIGITAL (DIGITAL PRODUCT DEVELOPMENT),TIK.DEV0619,AHLI MANAJEMEN SUMBER DAYA PERUSAHAAN (ENTERPRISE RESOURCE MANAGEMENT SUBJECT MATTER EXPERT),6
PENGEMBANGAN PRODUK DIGITAL (DIGITAL PRODUCT DEVELOPMENT),TIK.DEV0618,PENGELOLA ERP (ERP OFFICER),6
PENGEMBANGAN PRODUK DIGITAL (DIGITAL PRODUCT DEVELOPMENT),TIK.DEV0617,SUPERVISOR TEKNIK MULTIMEDIA (MULTIMEDIA TECHNICAL SUPERVISOR),6
PENGEMBANGAN PRODUK DIGITAL (DIGITAL PRODUCT DEVELOPMENT),TIK.DEV0616,SUPERVISOR INFORMASI (INFORMATION SUPERVISOR),6
PENGEMBANGAN PRODUK DIGITAL (DIGITAL PRODUCT DEVELOPMENT),TIK.DEV0615,PENGEMBANG SISTEM PERANGKAT LUNAK (SOFTWARE SYSTEM DEVELOPER),6
PENGEMBANGAN PRODUK DIGITAL (DIGITAL PRODUCT DEVELOPMENT),TIK.DEV0614,SUPERVISOR DUKUNGAN TI (IT SUPPORT SUPERVISOR),6
PENGEMBANGAN PRODUK DIGITAL (DIGITAL PRODUCT DEVELOPMENT),TIK.DEV0613,ANALIS SISTEM (SYSTEM ANALYST),6
PENGEMBANGAN PRODUK DIGITAL (DIGITAL PRODUCT DEVELOPMENT),TIK.DEV0612    ,SUPERVISOR MOBILE COMPUTING (MOBILE COMPUTING SUPERVISOR),6
PENGEMBANGAN PRODUK DIGITAL (DIGITAL PRODUCT DEVELOPMENT),TIK.DEV0611,SUPERVISOR PEMROGRAM MOBILE (MOBILE PROGRAMMER SUPERVISOR),6
PENGEMBANGAN PRODUK DIGITAL (DIGITAL PRODUCT DEVELOPMENT),TIK.DEV0610,PENGEMBANG FRONTEND (FRONTEND DEVELOPER),6
PENGEMBANGAN PRODUK DIGITAL (DIGITAL PRODUCT DEVELOPMENT),TIK.DEV0609,PENGEMBANG BACKEND (BACKEND DEVELOPER),6
PENGEMBANGAN PRODUK DIGITAL (DIGITAL PRODUCT DEVELOPMENT),TIK.DEV0608,ANALIS PENJAMINAN KUALITAS PERANGKAT LUNAK (SOFTWARE QA ANALYST),6
PENGEMBANGAN PRODUK DIGITAL (DIGITAL PRODUCT DEVELOPMENT),TIK.DEV0607,ANALIS BISNIS (BUSINESS ANALYST),6
PENGEMBANGAN PRODUK DIGITAL (DIGITAL PRODUCT DEVELOPMENT),TIK.DEV0606,SUPERVISOR PEMROGRAM SISTEM (SYSTEMS PROGRAMMER SUPERVISOR),6
PENGEMBANGAN PRODUK DIGITAL (DIGITAL PRODUCT DEVELOPMENT),TIK.DEV0605,SUPERVISOR PEMROGRAM APLIKASI (APPLICATION PROGRAMMER SUPERVISOR),6
PENGEMBANGAN PRODUK DIGITAL (DIGITAL PRODUCT DEVELOPMENT),TIK.DEV0604,PENGEMBANG WEB (WEB DEVELOPER),6
PENGEMBANGAN PRODUK DIGITAL (DIGITAL PRODUCT DEVELOPMENT),TIK.DEV0603,PEMROGRAM BASISDATA (DATABASE PROGRAMMER),6
PENGEMBANGAN PRODUK DIGITAL (DIGITAL PRODUCT DEVELOPMENT),TIK.DEV0602,ANALIS PROGRAM (PROGRAM ANALYST),6
PENGEMBANGAN PRODUK DIGITAL (DIGITAL PRODUCT DEVELOPMENT),TIK.DEV0601,SUPERVISOR PEMROGRAM (PROGRAMMER SUPERVISOR),6
PENGEMBANGAN PRODUK DIGITAL (DIGITAL PRODUCT DEVELOPMENT),TIK.DEV0714,PEMROGRAM MOBILE (MOBILE PROGRAMMER),7
PENGEMBANGAN PRODUK DIGITAL (DIGITAL PRODUCT DEVELOPMENT),TIK.DEV0713,MANAJER SISTEM INFORMASI MANAJEMEN (MIS MANAGER),7
PENGEMBANGAN PRODUK DIGITAL (DIGITAL PRODUCT DEVELOPMENT),TIK.DEV0712,MANAJER DUKUNGAN TI (IT SUPPORT MANAGER),7
PENGEMBANGAN PRODUK DIGITAL (DIGITAL PRODUCT DEVELOPMENT),TIK.DEV0711,MANAJER ARSITEKTUR INFORMASI (INFORMATION ARCHITECTURE MANAGER),7
PENGEMBANGAN PRODUK DIGITAL (DIGITAL PRODUCT DEVELOPMENT),TIK.DEV0710,INSINYUR PERSYARATAN (REQUIREMENTS ENGINEER),7
PENGEMBANGAN PRODUK DIGITAL (DIGITAL PRODUCT DEVELOPMENT),TIK.DEV0709,INSINYUR PENJAMINAN KUALITAS PERANGKAT LUNAK (SOFTWARE QA ENGINEER),7
PENGEMBANGAN PRODUK DIGITAL (DIGITAL PRODUCT DEVELOPMENT),TIK.DEV0708,INSINYUR PERANGKAT LUNAK (SOFTWARE ENGINEER),7
PENGEMBANGAN PRODUK DIGITAL (DIGITAL PRODUCT DEVELOPMENT),TIK.DEV0707,PENGEMBANG FULL STACK (FULL STACK DEVELOPER),7
PENGEMBANGAN PRODUK DIGITAL (DIGITAL PRODUCT DEVELOPMENT),TIK.DEV0706,MANAJER INSINYUR PERANGKAT LUNAK (SOFTWARE ENGINEER MANAGER),7
PENGEMBANGAN PRODUK DIGITAL (DIGITAL PRODUCT DEVELOPMENT),TIK.DEV0705,MANAJER PEMROGRAMAN APLIKASI (APPLICATIONS PROGRAMMING MANAGER),7
PENGEMBANGAN PRODUK DIGITAL (DIGITAL PRODUCT DEVELOPMENT),TIK.DEV0704,MANAJER APLIKASI AUTOMASI PERKANTORAN (OFFICE AUTOMATION APPLICATIONS MANAGER),7
PENGEMBANGAN PRODUK DIGITAL (DIGITAL PRODUCT DEVELOPMENT),TIK.DEV0703,MANAJER PERANGKAT LUNAK SISTEM (SYSTEMS SOFTWARE MANAGER),7
PENGEMBANGAN PRODUK DIGITAL (DIGITAL PRODUCT DEVELOPMENT),TIK.DEV0702,MANAJER REKAYASA PERANGKAT LUNAK (SOFTWARE ENGINEERING MANAGER),7
PENGEMBANGAN PRODUK DIGITAL (DIGITAL PRODUCT DEVELOPMENT),TIK.DEV0701,MANAJER PENGEMBANGAN SISTEM (SYSTEM DEVELOPMENT MANAGER),7
PENGEMBANGAN PRODUK DIGITAL (DIGITAL PRODUCT DEVELOPMENT),TIK.DEV0801,KEPALA PEMROGRAM (LEAD PROGRAMMER),8
PENGEMBANGAN PRODUK DIGITAL (DIGITAL PRODUCT DEVELOPMENT),TIK.DEV0902,PEMIMPIN TEKNOLOGI (CHIEF TECHNOLOGY OFFICER),9
PENGEMBANGAN PRODUK DIGITAL (DIGITAL PRODUCT DEVELOPMENT),TIK.DEV0901,PEMIMPIN APLIKASI BISNIS (CHIEF BUSINESS APPLICATIONS OFFICER),9
Sains Data-Kecerdasan Artifisial (Data Science-Artificial Intelligence),TIK.DSC0202,Staf Anotator (Annotator Staff),2
Sains Data-Kecerdasan Artifisial (Data Science-Artificial Intelligence),TIK.DSC0201,Operator Entri Data (Data Entry Operator),2
Sains Data-Kecerdasan Artifisial (Data Science-Artificial Intelligence),TIK.DSC0301,Teknisi Manajemen Data (Data Management Technician),3
Sains Data-Kecerdasan Artifisial (Data Science-Artificial Intelligence),TIK.DSC0503,Insinyur Data Muda (Associate Data Engineer),5
Sains Data-Kecerdasan Artifisial (Data Science-Artificial Intelligence),TIK.DSC0502,Analis Data Muda (Associate Data Analyst),5
Sains Data-Kecerdasan Artifisial (Data Science-Artificial Intelligence),TIK.DSC0502,Ilmuwan Data Muda (Associate Data Scientist),5
Sains Data-Kecerdasan Artifisial (Data Science-Artificial Intelligence),TIK.DSC0607,Insinyur Kualitas Data (Data Quality Engineer),6
Sains Data-Kecerdasan Artifisial (Data Science-Artificial Intelligence),TIK.DSC0606,Anotator (Annotator),6
Sains Data-Kecerdasan Artifisial (Data Science-Artificial Intelligence),TIK.DSC0605,Analis Intelijen Bisnis (Business Intelligence Analyst),6
Sains Data-Kecerdasan Artifisial (Data Science-Artificial Intelligence),TIK.DSC0702,Database Administrator,6
Sains Data-Kecerdasan Artifisial (Data Science-Artificial Intelligence),TIK.DSC0603,Supervisor Insinyur Data (Data Engineer Supervisor),6
Sains Data-Kecerdasan Artifisial (Data Science-Artificial Intelligence),Data Analyst,ANALIS DATA (DATA ANALYST),6
Sains Data-Kecerdasan Artifisial (Data Science-Artificial Intelligence),TIK.DSC0601,Data Scientist Supervisor,6
Sains Data-Kecerdasan Artifisial (Data Science-Artificial Intelligence),TIK.DSC0605,AI Engineer,7
Sains Data-Kecerdasan Artifisial (Data Science-Artificial Intelligence),TIK.DSC0703,INSINYUR PEMBELAJARAN MESIN (MACHINE LEARNING ENGINEER),7
Sains Data-Kecerdasan Artifisial (Data Science-Artificial Intelligence),TIK.DSC0702,Insinyur Data (Data Engineer),7
Sains Data-Kecerdasan Artifisial (Data Science-Artificial Intelligence),TIK.DSC0701,Ilmuwan Data (Data Scientist),7
Sains Data-Kecerdasan Artifisial (Data Science-Artificial Intelligence),TIK.DSC0807,SPESIALIS ARSITEKTUR DATA (DATA ARCHITECTURE SPECIALIST),8
Sains Data-Kecerdasan Artifisial (Data Science-Artificial Intelligence),TIK.DSC0806,AI Solution Architecture Specialist (Spesialis Arsitektur Solusi Kecerdasan Artifisial),8
Sains Data-Kecerdasan Artifisial (Data Science-Artificial Intelligence),TIK.DSC0805,Lead AI Engineer,8
Sains Data-Kecerdasan Artifisial (Data Science-Artificial Intelligence),TIK.DSC0804,Lead Machine Learning Engineer,8
Sains Data-Kecerdasan Artifisial (Data Science-Artificial Intelligence),TIK.DSC0803,KEPALA INSINYUR DATA (LEAD DATA ENGINEER),8
Sains Data-Kecerdasan Artifisial (Data Science-Artificial Intelligence),TIK.DSC0802,Kepala Ilmuwan Data (Lead Data Scientist),8
Sains Data-Kecerdasan Artifisial (Data Science-Artificial Intelligence),TIK.DSC0801,KEPALA MANAJEMEN GUDANG DATA (LEAD DATA WAREHOUSE MANAGEMENT),8
Sains Data-Kecerdasan Artifisial (Data Science-Artificial Intelligence),TIK.DSC0901,Chief Data Officer (Pemimpin Data),9
KEAMANAN INFORMASI DAN SIBER (INFORMATION AND CYBER SECURITY),TIK.SEC0301,PENGUJI KEAMANAN SIBER PERTAMA (JUNIOR PENETRATION TESTER),3
KEAMANAN INFORMASI DAN SIBER (INFORMATION AND CYBER SECURITY),TIK.SEC0402,ASISTEN KEAMANAN SIBER (CYBER SECURITY ASSISTANT),4
KEAMANAN INFORMASI DAN SIBER (INFORMATION AND CYBER SECURITY),TIK.SEC0401,ANALIS SOC TINGKAT 1 (L1 SOC ANALYST),4
KEAMANAN INFORMASI DAN SIBER (INFORMATION AND CYBER SECURITY),TIK.SEC0507, Memutuskan diskoneksi bukti elektronik yang terkoneksi ke jaringan (networked devices),5
KEAMANAN INFORMASI DAN SIBER (INFORMATION AND CYBER SECURITY),TIK.SEC0505,Information Security Awareness Counselor,5
KEAMANAN INFORMASI DAN SIBER (INFORMATION AND CYBER SECURITY),TIK.SEC0508,PENANGAN PERTAMA BUKTI DIGITAL MUDA (ASSOCIATE DIGITAL EVIDENCE FIRST RESPONDER),5
KEAMANAN INFORMASI DAN SIBER (INFORMATION AND CYBER SECURITY),TIK.SEC0506,PELAKSANA KEAMANAN INFORMASI (JUNIOR INFORMATION SECURITY),5
KEAMANAN INFORMASI DAN SIBER (INFORMATION AND CYBER SECURITY),TIK.SEC0502,L2 SOC Analyst,5
KEAMANAN INFORMASI DAN SIBER (INFORMATION AND CYBER SECURITY),TIK.SEC0503,Penetration Tester,5
KEAMANAN INFORMASI DAN SIBER (INFORMATION AND CYBER SECURITY),TIK.SEC0501,OPERATOR KEAMANAN SIBER (CYBERSECURITY OPERATOR),5
KEAMANAN INFORMASI DAN SIBER (INFORMATION AND CYBER SECURITY),TIK.SEC0504,Assistant Information Security Auditor,5
KEAMANAN INFORMASI DAN SIBER (INFORMATION AND CYBER SECURITY),TIK.SEC0608,Incident Response Analyst,6
KEAMANAN INFORMASI DAN SIBER (INFORMATION AND CYBER SECURITY),TIK.SEC0601,ANALIS KEAMANAN SIBER (CYBERSECURITY ANALYST),6
KEAMANAN INFORMASI DAN SIBER (INFORMATION AND CYBER SECURITY),TIK.SEC0602,PEJABAT KESADARAN KEAMANAN SIBER (CYBERSECURITY AWARENESS OFFICER),6
KEAMANAN INFORMASI DAN SIBER (INFORMATION AND CYBER SECURITY),TIK.SEC0607,Cryptographic Module Analyst,6
KEAMANAN INFORMASI DAN SIBER (INFORMATION AND CYBER SECURITY),TIK.SEC0604,ICT Product Evaluator,6
KEAMANAN INFORMASI DAN SIBER (INFORMATION AND CYBER SECURITY),TIK.SEC0603,ADMINISTRATOR KEAMANAN JARINGAN (NETWORK SECURITY ADMINISTRATOR),6
KEAMANAN INFORMASI DAN SIBER (INFORMATION AND CYBER SECURITY),TIK.SEC0605,ADMINISTRATOR KEAMANAN SIBER (CYBERSECURITY ADMINISTRATOR),6
KEAMANAN INFORMASI DAN SIBER (INFORMATION AND CYBER SECURITY),TIK.SEC0606,ANALIS KRIPTOGRAFI (CRYPTOGRAPHIC ANALYST),6
KEAMANAN INFORMASI DAN SIBER (INFORMATION AND CYBER SECURITY),TIK.SEC0612,Penyelenggara Program Kesadaran Keamanan Informasi (Information Security Awareness Program Officer),6
KEAMANAN INFORMASI DAN SIBER (INFORMATION AND CYBER SECURITY),TIK.SEC0613,Analis Keamanan Informasi (Information Security Analyst),6
KEAMANAN INFORMASI DAN SIBER (INFORMATION AND CYBER SECURITY),TIK.SEC0614,Penangan Pertama Bukti Digital (Digital Evidence First Responder),6
KEAMANAN INFORMASI DAN SIBER (INFORMATION AND CYBER SECURITY),TIK.SEC0610,SUPERVISOR AUDIT KEAMANAN INFORMASI (INFORMATION SECURITY AUDIT SUPERVISOR),6
KEAMANAN INFORMASI DAN SIBER (INFORMATION AND CYBER SECURITY),TIK.SEC0611,Auditor Keamanan Informasi (Information Security Auditor),6
KEAMANAN INFORMASI DAN SIBER (INFORMATION AND CYBER SECURITY),TIK.SEC0609,ANALIS SOC TINGKAT 3 (L3 SOC ANALYST),6
KEAMANAN INFORMASI DAN SIBER (INFORMATION AND CYBER SECURITY),TIK.SEC0712,Penguji Keamanan Siber Madya,7
KEAMANAN INFORMASI DAN SIBER (INFORMATION AND CYBER SECURITY),TIK.SEC0713,Manajer Program Kesadaran Keamanan Informasi,7
KEAMANAN INFORMASI DAN SIBER (INFORMATION AND CYBER SECURITY),TIK.SEC0704,KEPALA PETUGAS KESADARAN KEAMANAN SIBER (CYBERSECURITY AWARENESS LEAD OFFICER),7
KEAMANAN INFORMASI DAN SIBER (INFORMATION AND CYBER SECURITY),TIK.SEC0709,Digital Forensic Analyst,7
KEAMANAN INFORMASI DAN SIBER (INFORMATION AND CYBER SECURITY),TIK.SEC0710,MANAJER SOC (SOC MANAGER),7
KEAMANAN INFORMASI DAN SIBER (INFORMATION AND CYBER SECURITY),TIK.SEC0702,Cybersecurity Manager,7
KEAMANAN INFORMASI DAN SIBER (INFORMATION AND CYBER SECURITY),TIK.SEC0711,Manajer Audit Keamanan Informasi,7
KEAMANAN INFORMASI DAN SIBER (INFORMATION AND CYBER SECURITY),TIK.SEC0708,Cybersecurity Governance Officer,7
KEAMANAN INFORMASI DAN SIBER (INFORMATION AND CYBER SECURITY),TIK.SEC0703,Information Security Manager,7
KEAMANAN INFORMASI DAN SIBER (INFORMATION AND CYBER SECURITY),TIK.SEC0701,Network Security Manager,7
KEAMANAN INFORMASI DAN SIBER (INFORMATION AND CYBER SECURITY),TIK.SEC0707,Evaluator Utama Produk Keamanan TIK (ICT Security Product Lead Evaluator),7
KEAMANAN INFORMASI DAN SIBER (INFORMATION AND CYBER SECURITY),TIK.SEC0714,MANAJER KEAMANAN DATA (DATA SECURITY MANAGER),7
KEAMANAN INFORMASI DAN SIBER (INFORMATION AND CYBER SECURITY),TIK.SEC0716,MANAJER BUKTI DIGITAL (DIGITAL EVIDENCE MANAGER (DEM)),7
KEAMANAN INFORMASI DAN SIBER (INFORMATION AND CYBER SECURITY),TIK.SEC0715,Security and Workstations Manager,7
KEAMANAN INFORMASI DAN SIBER (INFORMATION AND CYBER SECURITY),TIK.SEC0705,Manajer Tim Tanggap Insiden (Incident Response Team Manager),7
KEAMANAN INFORMASI DAN SIBER (INFORMATION AND CYBER SECURITY),TIK.SEC0706,Perekayasa Kriptografi (Cryptographic Engineer),7
KEAMANAN INFORMASI DAN SIBER (INFORMATION AND CYBER SECURITY),TIK.SEC0805,Cyber Forensic Specialist,8
KEAMANAN INFORMASI DAN SIBER (INFORMATION AND CYBER SECURITY),TIK.SEC0703,Cryptographic Specialist,8
KEAMANAN INFORMASI DAN SIBER (INFORMATION AND CYBER SECURITY),TIK.SEC0710,Security Achitect,8
KEAMANAN INFORMASI DAN SIBER (INFORMATION AND CYBER SECURITY),TIK.SEC0804,Cyber Incident Investigation Manager,8
SPESIALIS RISIKO SIBER (CYBER RISK SPECIALIST),TIK.SEC0801,SPESIALIS RISIKO SIBER (CYBER RISK SPECIALIST),8
PIMPINAN KEAMANAN INFORMASI (CHIEF INFORMATION SECURITY OFFICER),TIK.SEC0901,Chief Information Security Officer,9
Teknologi dan Infrasruktur (Infrastructure and Technology),TIK.INF0201,STAF OPERATOR KOMPUTER PERSONAL (PERSONAL COMPUTER OPERATOR STAFF),2
Teknologi dan Infrasruktur (Infrastructure and Technology),TIK.INF0203,OPERATOR IoT (IoT OPERATOR),2
Teknologi dan Infrasruktur (Infrastructure and Technology),TIK.INF0202,STAF TEKNISI DUKUNGAN JARINGAN (NETWORK SUPPORT TECHNICIAN STAFF),2
Teknologi dan Infrasruktur (Infrastructure and Technology),TIK.INF0301,Desktop Technician,3
Teknologi dan Infrasruktur (Infrastructure and Technology),TIK.INF0303,Data Center Technical Support Technician,3
Teknologi dan Infrasruktur (Infrastructure and Technology),TIK.INF0305,IoT Network Technician,3
Teknologi dan Infrasruktur (Infrastructure and Technology),TIK.INF0308,TEKNISI APLIKASI (APPLICATION TECHNICIAN),3
Teknologi dan Infrasruktur (Infrastructure and Technology),TIK.INF0302,Network Technician,3
Teknologi dan Infrasruktur (Infrastructure and Technology),TIK.INF0304,Device Technician,3
Teknologi dan Infrasruktur (Infrastructure and Technology),TIK.INF0307,TEKNISI KEAMANAN (SECURITY TECHNICIAN),3
Teknologi dan Infrasruktur (Infrastructure and Technology),TIK.INF0306,TEKNISI PLATFORM (PLATFORM TECHNICIAN),3
Teknologi dan Infrasruktur (Infrastructure and Technology),TIK.INF0302,Assistant Network Administrator,4
Teknologi dan Infrasruktur (Infrastructure and Technology),TIK.INF0302,Hardware Installation and Maintenance Assistant,4
Teknologi dan Infrasruktur (Infrastructure and Technology),TIK.INF0302,Assistant Computer Network Technician,4
Teknologi dan Infrasruktur (Infrastructure and Technology),TIK.INF0302,Device Assistant,4
Teknologi dan Infrasruktur (Infrastructure and Technology),TIK.INF0302,Assistant Data Center Technician,4
Teknologi dan Infrasruktur (Infrastructure and Technology),TIK.INF0302,Network Assistant,4
Teknologi dan Infrasruktur (Infrastructure and Technology),TIK.INF0408,Security Assistant,4
Teknologi dan Infrasruktur (Infrastructure and Technology),TIK.INF0302,Platform Assistant,4
Teknologi dan Infrasruktur (Infrastructure and Technology),TIK.INF0409,Application Assistant,4
Teknologi dan Infrasruktur (Infrastructure and Technology),TIK.INF0502,Associate Network Administrator,5
Teknologi dan Infrasruktur (Infrastructure and Technology),TIK.INF0501,Associate Hardware Installation and Maintenance,5
Teknologi dan Infrasruktur (Infrastructure and Technology),TIK.INF0302,Associate Data Center Technician,5
Teknologi dan Infrasruktur (Infrastructure and Technology),TIK.INF0703,Associate Platform Engineer,5
Teknologi dan Infrasruktur (Infrastructure and Technology),TIK.INF0302,Associate Systems Integrator,5
Teknologi dan Infrasruktur (Infrastructure and Technology),TIK.INF0302,Associate Security Engineer,5
Teknologi dan Infrasruktur (Infrastructure and Technology),TIK.INF0302,Associate Application Engineer,5
Teknologi dan Infrasruktur (Infrastructure and Technology),TIK.INF0503,Associate Cloud Technical Support,5
Teknologi dan Infrasruktur (Infrastructure and Technology),TIK.INF0504,Associate Computer Network Technician,5
Teknologi dan Infrasruktur (Infrastructure and Technology),TIK.INF0505,Associate Device Engineer,5
Teknologi dan Infrasruktur (Infrastructure and Technology),TIK.INF0506,Associate Network Engineer,5
Teknologi dan Infrasruktur (Infrastructure and Technology),TIK.INF0606,Cloud Computing Developer,6
Teknologi dan Infrasruktur (Infrastructure and Technology),TIK.INF0605,Computer Network Technician,6
Teknologi dan Infrasruktur (Infrastructure and Technology),TIK.INF0601,Hardware Installation and Maintenance Officer,6
Teknologi dan Infrasruktur (Infrastructure and Technology),TIK.INF0602,Network Administrator,6
Teknologi dan Infrasruktur (Infrastructure and Technology),TIK.INF0604,Network Designer,6
Teknologi dan Infrasruktur (Infrastructure and Technology),TIK.INF0603,System Administrator,6
Teknologi dan Infrasruktur (Infrastructure and Technology),TIK.INF0612,ARSITEK KEAMANAN IoT (IoT SECURITY ARCHITECT),6
Teknologi dan Infrasruktur (Infrastructure and Technology),TIK.INF0611,ANALIS KEAMANAN JARINGAN (NETWORK SECURITY ANALYST),6
Teknologi dan Infrasruktur (Infrastructure and Technology),TIK.INF0610,ARSITEK PLATFORM (PLATFORM ARCHITECT),6
Teknologi dan Infrasruktur (Infrastructure and Technology),TIK.INF0613,ARSITEK APLIKASI (APPLICATION ARCHITECT),6
Teknologi dan Infrasruktur (Infrastructure and Technology),TIK.INF0609,ARSITEK JARINGAN (NETWORK ARCHITECT),6
Teknologi dan Infrasruktur (Infrastructure and Technology),TIK.INF0607,Data Center Facility Administrator,6
Teknologi dan Infrasruktur (Infrastructure and Technology),TIK.INF0608,Device Architect,6
Teknologi dan Infrasruktur (Infrastructure and Technology),TIK.INF0703,Senior Network Engineer,7
Teknologi dan Infrasruktur (Infrastructure and Technology),TIK.INF0704,System Engineer,7
Teknologi dan Infrasruktur (Infrastructure and Technology),TIK.INF0705,Cloud Computing Architect,7
Teknologi dan Infrasruktur (Infrastructure and Technology),TIK.INF0707,Data Center Manager,7
Teknologi dan Infrasruktur (Infrastructure and Technology),TIK.INF0706,Cloud Computing Engineer,7
Teknologi dan Infrasruktur (Infrastructure and Technology),TIK.INF0701,Hardware and Digital Peripheral Manager,7
Teknologi dan Infrasruktur (Infrastructure and Technology),TIK.INF0702,Network Manager,7
Teknologi dan Infrasruktur (Infrastructure and Technology),TIK.INF0802,Lead IT Facilities Management,8
Teknologi dan Infrasruktur (Infrastructure and Technology),TIK.INF0801,KEPALA MANAJEMEN INFRASTRUKTUR (LEAD INFRASTRUCTURE MANAGEMENT),8
Teknologi dan Infrasruktur (Infrastructure and Technology),TIK.INF0803,Lead Technical Services,8
Teknologi dan Infrasruktur (Infrastructure and Technology),TIK.INF0902,Pemimpin Infrastruktur,9
Teknologi dan Infrasruktur (Infrastructure and Technology),TIK.INF0901,PEMIMPIN INFRASTRUKTUR TI (CHIEF IT INFRASTRUCTURE OFFICER),9
Layanan Teknologi Informasi,TIK.SRV0101,Operator Komputer,1
Layanan Teknologi Informasi,TIK.SRV0201,Computer Operator Staff,2
Layanan Teknologi Informasi,TIK.SRV0301,Computer Repair Technician,3
Layanan Teknologi Informasi,TIK.SRV0301,Computer Operator Technician,3
Layanan Teknologi Informasi,TIK.SRV0402,E-Commerce Assistant,4
Layanan Teknologi Informasi,TIK.SRV0401,ASISTEN TEKNISI KOMPUTER (ASSISTANT COMPUTER TECHNICIAN),4
Layanan Teknologi Informasi,TIK.SRV0201,Associate Helpdesk,5
Layanan Teknologi Informasi,TIK.SRV0201,Associate Computer Technician,5
Layanan Teknologi Informasi,TIK.SRV0503,Pengelola Layanan TI Muda (Associate IT Service Operator),5
Layanan Teknologi Informasi,TIK.SRV0504,Pengelola Dukungan Layanan TI Muda (Associate IT Support),5
Layanan Teknologi Informasi,TIK.SRV0505,Pengembang Internet Muda (Associate Internet Developer),5
LAYANAN TEKNOLOGI INFORMASI (IT SERVICES),TIK.SRV0506,DESAINER SITUS WEB MUDA (ASSOCIATE WEBSITE DESIGNER),5
Layanan Teknologi Informasi,TIK.SRV0605,ANALIS PEMROSESAN TRANSAKSI DARING (ONLINE TRANSACTION PROCESSING ANALYST),6
Layanan Teknologi Informasi,TIK.SRV0604,ANALIS WEB (WEB ANALYST),6
Layanan Teknologi Informasi,TIK.SRV0601,SUPERVISOR LAYANAN TI (IT SERVICE SUPERVISOR),6
Layanan Teknologi Informasi,TIK.SRV0607,Internet/Intranet Administrator,6
Layanan Teknologi Informasi,TIK.SRV0606,Administrator Web (Web Administrator),Administrator Web (Web Administrator)
Layanan Teknologi Informasi,TIK.SRV0201,IT Service Coordinator,6
LAYANAN TEKNOLOGI INFORMASI (IT SERVICES),TIK.SRV0603,PENGELOLA WEB (WEBMASTER),6
Layanan Teknologi Informasi,TIK.SRV0704,Internet Systems Manager,7
Layanan Teknologi Informasi,TIK.SRV0703,Internet/Intranet Activities Manager,7
Layanan Teknologi Informasi,TIK.SRV0702,IT Manager,7
Layanan Teknologi Informasi,TIK.SRV0701,IT Service Manager,7
Layanan Teknologi Informasi,TIK.SRV0705,Web Content Manager,7
Layanan Teknologi Informasi,TIK.SRV0706,Video and Website Content Manager,7
Layanan Teknologi Informasi,TIK.SRV0801,Lead IT Services Management,8